iso2c,iso3c,country,Year,Area_sq_km,Population
AW,ABW,Aruba,2015,180,104341
AW,ABW,Aruba,2016,180,104872
AW,ABW,Aruba,2017,180,105366
AW,ABW,Aruba,2018,180,105845
AW,ABW,Aruba,2019,NA,106314
AW,ABW,Aruba,2020,NA,NA
AF,AFG,Afghanistan,2015,652860,34413603
AF,AFG,Afghanistan,2016,652860,35383128
AF,AFG,Afghanistan,2017,652860,36296400
AF,AFG,Afghanistan,2018,652860,37172386
AF,AFG,Afghanistan,2019,NA,38041754
AF,AFG,Afghanistan,2020,NA,NA
AO,AGO,Angola,2015,1246700,27884381
AO,AGO,Angola,2016,1246700,28842484
AO,AGO,Angola,2017,1246700,29816748
AO,AGO,Angola,2018,1246700,30809762
AO,AGO,Angola,2019,NA,31825295
AO,AGO,Angola,2020,NA,NA
AL,ALB,Albania,2015,27400,2880703
AL,ALB,Albania,2016,27400,2876101
AL,ALB,Albania,2017,27400,2873457
AL,ALB,Albania,2018,27400,2866376
AL,ALB,Albania,2019,NA,2854191
AL,ALB,Albania,2020,NA,NA
AD,AND,Andorra,2015,470,78011
AD,AND,Andorra,2016,470,77297
AD,AND,Andorra,2017,470,77001
AD,AND,Andorra,2018,470,77006
AD,AND,Andorra,2019,NA,77142
AD,AND,Andorra,2020,NA,NA
AE,ARE,United Arab Emirates,2015,71020,9262900
AE,ARE,United Arab Emirates,2016,71020,9360980
AE,ARE,United Arab Emirates,2017,71020,9487203
AE,ARE,United Arab Emirates,2018,71020,9630959
AE,ARE,United Arab Emirates,2019,NA,9770529
AE,ARE,United Arab Emirates,2020,NA,NA
AR,ARG,Argentina,2015,2736690,43131966
AR,ARG,Argentina,2016,2736690,43590368
AR,ARG,Argentina,2017,2736690,44044811
AR,ARG,Argentina,2018,2736690,44494502
AR,ARG,Argentina,2019,NA,44938712
AR,ARG,Argentina,2020,NA,NA
AM,ARM,Armenia,2015,28470,2925553
AM,ARM,Armenia,2016,28470,2936146
AM,ARM,Armenia,2017,28470,2944809
AM,ARM,Armenia,2018,28470,2951776
AM,ARM,Armenia,2019,NA,2957731
AM,ARM,Armenia,2020,NA,NA
AS,ASM,American Samoa,2015,200,55812
AS,ASM,American Samoa,2016,200,55741
AS,ASM,American Samoa,2017,200,55620
AS,ASM,American Samoa,2018,200,55465
AS,ASM,American Samoa,2019,NA,55312
AS,ASM,American Samoa,2020,NA,NA
AG,ATG,Antigua and Barbuda,2015,440,93566
AG,ATG,Antigua and Barbuda,2016,440,94527
AG,ATG,Antigua and Barbuda,2017,440,95426
AG,ATG,Antigua and Barbuda,2018,440,96286
AG,ATG,Antigua and Barbuda,2019,NA,97118
AG,ATG,Antigua and Barbuda,2020,NA,NA
AU,AUS,Australia,2015,7682300,23815995
AU,AUS,Australia,2016,7692020,24190907
AU,AUS,Australia,2017,7692020,24601860
AU,AUS,Australia,2018,7692020,24982688
AU,AUS,Australia,2019,NA,25364307
AU,AUS,Australia,2020,NA,NA
AT,AUT,Austria,2015,82522.998046875,8642699
AT,AUT,Austria,2016,82522.998046875,8736668
AT,AUT,Austria,2017,82522.998046875,8797566
AT,AUT,Austria,2018,82522.998046875,8840521
AT,AUT,Austria,2019,NA,8877067
AT,AUT,Austria,2020,NA,NA
AZ,AZE,Azerbaijan,2015,82662.998046875,9649341
AZ,AZE,Azerbaijan,2016,82670,9757812
AZ,AZE,Azerbaijan,2017,82670,9854033
AZ,AZE,Azerbaijan,2018,82670,9939771
AZ,AZE,Azerbaijan,2019,NA,10023318
AZ,AZE,Azerbaijan,2020,NA,NA
BI,BDI,Burundi,2015,25680,10160030
BI,BDI,Burundi,2016,25680,10487998
BI,BDI,Burundi,2017,25680,10827024
BI,BDI,Burundi,2018,25680,11175378
BI,BDI,Burundi,2019,NA,11530580
BI,BDI,Burundi,2020,NA,NA
BE,BEL,Belgium,2015,30280,11274196
BE,BEL,Belgium,2016,30280,11331422
BE,BEL,Belgium,2017,30280,11375158
BE,BEL,Belgium,2018,30280,11427054
BE,BEL,Belgium,2019,NA,11484055
BE,BEL,Belgium,2020,NA,NA
BJ,BEN,Benin,2015,112760,10575952
BJ,BEN,Benin,2016,112760,10872067
BJ,BEN,Benin,2017,112760,11175204
BJ,BEN,Benin,2018,112760,11485048
BJ,BEN,Benin,2019,NA,11801151
BJ,BEN,Benin,2020,NA,NA
BF,BFA,Burkina Faso,2015,273600,18110624
BF,BFA,Burkina Faso,2016,273600,18646378
BF,BFA,Burkina Faso,2017,273600,19193284
BF,BFA,Burkina Faso,2018,273600,19751535
BF,BFA,Burkina Faso,2019,NA,20321378
BF,BFA,Burkina Faso,2020,NA,NA
BD,BGD,Bangladesh,2015,130170,156256276
BD,BGD,Bangladesh,2016,130170,157970840
BD,BGD,Bangladesh,2017,130170,159670593
BD,BGD,Bangladesh,2018,130170,161356039
BD,BGD,Bangladesh,2019,NA,163046161
BD,BGD,Bangladesh,2020,NA,NA
BG,BGR,Bulgaria,2015,108560,7177991
BG,BGR,Bulgaria,2016,108560,7127822
BG,BGR,Bulgaria,2017,108560,7075947
BG,BGR,Bulgaria,2018,108560,7025037
BG,BGR,Bulgaria,2019,NA,6975761
BG,BGR,Bulgaria,2020,NA,NA
BH,BHR,Bahrain,2015,778.000030517578,1371851
BH,BHR,Bahrain,2016,778.000030517578,1425791
BH,BHR,Bahrain,2017,778.000030517578,1494074
BH,BHR,Bahrain,2018,778.000030517578,1569439
BH,BHR,Bahrain,2019,NA,1641172
BH,BHR,Bahrain,2020,NA,NA
BS,BHS,"Bahamas, The",2015,10010,374206
BS,BHS,"Bahamas, The",2016,10010,377931
BS,BHS,"Bahamas, The",2017,10010,381761
BS,BHS,"Bahamas, The",2018,10010,385640
BS,BHS,"Bahamas, The",2019,NA,389482
BS,BHS,"Bahamas, The",2020,NA,NA
BA,BIH,Bosnia and Herzegovina,2015,51200,3429361
BA,BIH,Bosnia and Herzegovina,2016,51200,3386267
BA,BIH,Bosnia and Herzegovina,2017,51200,3351527
BA,BIH,Bosnia and Herzegovina,2018,51200,3323929
BA,BIH,Bosnia and Herzegovina,2019,NA,3301000
BA,BIH,Bosnia and Herzegovina,2020,NA,NA
BY,BLR,Belarus,2015,202978.0078125,9489616
BY,BLR,Belarus,2016,202988.0078125,9501534
BY,BLR,Belarus,2017,202988.0078125,9498264
BY,BLR,Belarus,2018,202988.0078125,9483499
BY,BLR,Belarus,2019,NA,9466856
BY,BLR,Belarus,2020,NA,NA
BZ,BLZ,Belize,2015,22810,360933
BZ,BLZ,Belize,2016,22810,368400
BZ,BLZ,Belize,2017,22810,375769
BZ,BLZ,Belize,2018,22810,383071
BZ,BLZ,Belize,2019,NA,390353
BZ,BLZ,Belize,2020,NA,NA
BM,BMU,Bermuda,2015,54.0000009536743,65237
BM,BMU,Bermuda,2016,54.0000009536743,64554
BM,BMU,Bermuda,2017,54.0000009536743,63873
BM,BMU,Bermuda,2018,54.0000009536743,63920
BM,BMU,Bermuda,2019,NA,63918
BM,BMU,Bermuda,2020,NA,NA
BO,BOL,Bolivia,2015,1083300,10869730
BO,BOL,Bolivia,2016,1083300,11031813
BO,BOL,Bolivia,2017,1083300,11192854
BO,BOL,Bolivia,2018,1083300,11353142
BO,BOL,Bolivia,2019,NA,11513100
BO,BOL,Bolivia,2020,NA,NA
BR,BRA,Brazil,2015,8358140,204471769
BR,BRA,Brazil,2016,8358140,206163058
BR,BRA,Brazil,2017,8358140,207833831
BR,BRA,Brazil,2018,8358140,209469333
BR,BRA,Brazil,2019,NA,211049527
BR,BRA,Brazil,2020,NA,NA
BB,BRB,Barbados,2015,430,285324
BB,BRB,Barbados,2016,430,285796
BB,BRB,Barbados,2017,430,286233
BB,BRB,Barbados,2018,430,286641
BB,BRB,Barbados,2019,NA,287025
BB,BRB,Barbados,2020,NA,NA
BN,BRN,Brunei Darussalam,2015,5270,414907
BN,BRN,Brunei Darussalam,2016,5270,419800
BN,BRN,Brunei Darussalam,2017,5270,424473
BN,BRN,Brunei Darussalam,2018,5270,428962
BN,BRN,Brunei Darussalam,2019,NA,433285
BN,BRN,Brunei Darussalam,2020,NA,NA
BT,BTN,Bhutan,2015,38116.9995117188,727876
BT,BTN,Bhutan,2016,38143.9990234375,736709
BT,BTN,Bhutan,2017,38143.9990234375,745568
BT,BTN,Bhutan,2018,38143.9990234375,754394
BT,BTN,Bhutan,2019,NA,763092
BT,BTN,Bhutan,2020,NA,NA
BW,BWA,Botswana,2015,566730,2120716
BW,BWA,Botswana,2016,566730,2159944
BW,BWA,Botswana,2017,566730,2205128
BW,BWA,Botswana,2018,566730,2254126
BW,BWA,Botswana,2019,NA,2303697
BW,BWA,Botswana,2020,NA,NA
CF,CAF,Central African Republic,2015,622980,4493170
CF,CAF,Central African Republic,2016,622980,4537687
CF,CAF,Central African Republic,2017,622980,4596028
CF,CAF,Central African Republic,2018,622980,4666377
CF,CAF,Central African Republic,2019,NA,4745185
CF,CAF,Central African Republic,2020,NA,NA
CA,CAN,Canada,2015,9093510,35702908
CA,CAN,Canada,2016,9093510,36109487
CA,CAN,Canada,2017,9093510,36543321
CA,CAN,Canada,2018,9093510,37057765
CA,CAN,Canada,2019,NA,37589262
CA,CAN,Canada,2020,NA,NA
CH,CHE,Switzerland,2015,39516.0009765625,8282396
CH,CHE,Switzerland,2016,39516.0009765625,8373338
CH,CHE,Switzerland,2017,39516.0009765625,8451840
CH,CHE,Switzerland,2018,39516.0009765625,8514329
CH,CHE,Switzerland,2019,NA,8574832
CH,CHE,Switzerland,2020,NA,NA
JG,CHI,Channel Islands,2015,197.999992370605,165385
JG,CHI,Channel Islands,2016,197.999992370605,166923
JG,CHI,Channel Islands,2017,197.999992370605,168665
JG,CHI,Channel Islands,2018,197.999992370605,170499
JG,CHI,Channel Islands,2019,NA,172259
JG,CHI,Channel Islands,2020,NA,NA
CL,CHL,Chile,2015,743532.03125,17969353
CL,CHL,Chile,2016,743532.03125,18209068
CL,CHL,Chile,2017,743532.03125,18470439
CL,CHL,Chile,2018,743532.03125,18729160
CL,CHL,Chile,2019,NA,18952038
CL,CHL,Chile,2020,NA,NA
CN,CHN,China,2015,9388211.25,1371220000
CN,CHN,China,2016,9388210,1378665000
CN,CHN,China,2017,9388210,1386395000
CN,CHN,China,2018,9388210,1392730000
CN,CHN,China,2019,NA,1397715000
CN,CHN,China,2020,NA,NA
CI,CIV,Cote d'Ivoire,2015,318000,23226143
CI,CIV,Cote d'Ivoire,2016,318000,23822714
CI,CIV,Cote d'Ivoire,2017,318000,24437469
CI,CIV,Cote d'Ivoire,2018,318000,25069229
CI,CIV,Cote d'Ivoire,2019,NA,25716544
CI,CIV,Cote d'Ivoire,2020,NA,NA
CM,CMR,Cameroon,2015,472710,23298368
CM,CMR,Cameroon,2016,472710,23926539
CM,CMR,Cameroon,2017,472710,24566045
CM,CMR,Cameroon,2018,472710,25216237
CM,CMR,Cameroon,2019,NA,25876380
CM,CMR,Cameroon,2020,NA,NA
CD,COD,"Congo, Dem. Rep.",2015,2267050,76244544
CD,COD,"Congo, Dem. Rep.",2016,2267050,78789127
CD,COD,"Congo, Dem. Rep.",2017,2267050,81398764
CD,COD,"Congo, Dem. Rep.",2018,2267050,84068091
CD,COD,"Congo, Dem. Rep.",2019,NA,86790567
CD,COD,"Congo, Dem. Rep.",2020,NA,NA
CG,COG,"Congo, Rep.",2015,341500,4856095
CG,COG,"Congo, Rep.",2016,341500,4980999
CG,COG,"Congo, Rep.",2017,341500,5110702
CG,COG,"Congo, Rep.",2018,341500,5244363
CG,COG,"Congo, Rep.",2019,NA,5380508
CG,COG,"Congo, Rep.",2020,NA,NA
CO,COL,Colombia,2015,1109500,47520667
CO,COL,Colombia,2016,1109500,48171392
CO,COL,Colombia,2017,1109500,48901066
CO,COL,Colombia,2018,1109500,49648685
CO,COL,Colombia,2019,NA,50339443
CO,COL,Colombia,2020,NA,NA
KM,COM,Comoros,2015,1861.00006103516,777424
KM,COM,Comoros,2016,1861.00006103516,795592
KM,COM,Comoros,2017,1861.00006103516,813892
KM,COM,Comoros,2018,1861.00006103516,832322
KM,COM,Comoros,2019,NA,850886
KM,COM,Comoros,2020,NA,NA
CV,CPV,Cabo Verde,2015,4030,524743
CV,CPV,Cabo Verde,2016,4030,531146
CV,CPV,Cabo Verde,2017,4030,537497
CV,CPV,Cabo Verde,2018,4030,543767
CV,CPV,Cabo Verde,2019,NA,549935
CV,CPV,Cabo Verde,2020,NA,NA
CR,CRI,Costa Rica,2015,51060,4847804
CR,CRI,Costa Rica,2016,51060,4899345
CR,CRI,Costa Rica,2017,51060,4949954
CR,CRI,Costa Rica,2018,51060,4999441
CR,CRI,Costa Rica,2019,NA,5047561
CR,CRI,Costa Rica,2020,NA,NA
CU,CUB,Cuba,2015,104020,11324781
CU,CUB,Cuba,2016,104020,11335109
CU,CUB,Cuba,2017,104020,11339259
CU,CUB,Cuba,2018,104020,11338138
CU,CUB,Cuba,2019,NA,11333483
CU,CUB,Cuba,2020,NA,NA
CW,CUW,Curacao,2015,444,157980
CW,CUW,Curacao,2016,444,159664
CW,CUW,Curacao,2017,444,160175
CW,CUW,Curacao,2018,NA,159800
CW,CUW,Curacao,2019,NA,157538
CW,CUW,Curacao,2020,NA,NA
KY,CYM,Cayman Islands,2015,240,61724
KY,CYM,Cayman Islands,2016,240,62569
KY,CYM,Cayman Islands,2017,240,63382
KY,CYM,Cayman Islands,2018,240,64174
KY,CYM,Cayman Islands,2019,NA,64948
KY,CYM,Cayman Islands,2020,NA,NA
CY,CYP,Cyprus,2015,9240,1160985
CY,CYP,Cyprus,2016,9240,1170187
CY,CYP,Cyprus,2017,9240,1179680
CY,CYP,Cyprus,2018,9240,1189265
CY,CYP,Cyprus,2019,NA,1198575
CY,CYP,Cyprus,2020,NA,NA
CZ,CZE,Czech Republic,2015,77210,10546059
CZ,CZE,Czech Republic,2016,77220,10566332
CZ,CZE,Czech Republic,2017,77220,10594438
CZ,CZE,Czech Republic,2018,77220,10629928
CZ,CZE,Czech Republic,2019,NA,10669709
CZ,CZE,Czech Republic,2020,NA,NA
DE,DEU,Germany,2015,348858.984375,81686611
DE,DEU,Germany,2016,349360,82348669
DE,DEU,Germany,2017,349360,82657002
DE,DEU,Germany,2018,349360,82905782
DE,DEU,Germany,2019,NA,83132799
DE,DEU,Germany,2020,NA,NA
DJ,DJI,Djibouti,2015,23180,913993
DJ,DJI,Djibouti,2016,23180,929112
DJ,DJI,Djibouti,2017,23180,944097
DJ,DJI,Djibouti,2018,23180,958920
DJ,DJI,Djibouti,2019,NA,973560
DJ,DJI,Djibouti,2020,NA,NA
DM,DMA,Dominica,2015,750,71183
DM,DMA,Dominica,2016,750,71307
DM,DMA,Dominica,2017,750,71458
DM,DMA,Dominica,2018,750,71625
DM,DMA,Dominica,2019,NA,71808
DM,DMA,Dominica,2020,NA,NA
DK,DNK,Denmark,2015,41990,5683483
DK,DNK,Denmark,2016,41990,5728010
DK,DNK,Denmark,2017,41990,5764980
DK,DNK,Denmark,2018,41990,5793636
DK,DNK,Denmark,2019,NA,5818553
DK,DNK,Denmark,2020,NA,NA
DO,DOM,Dominican Republic,2015,48310,10281680
DO,DOM,Dominican Republic,2016,48310,10397743
DO,DOM,Dominican Republic,2017,48310,10513131
DO,DOM,Dominican Republic,2018,48310,10627165
DO,DOM,Dominican Republic,2019,NA,10738958
DO,DOM,Dominican Republic,2020,NA,NA
DZ,DZA,Algeria,2015,2381740,39728025
DZ,DZA,Algeria,2016,2381740,40551404
DZ,DZA,Algeria,2017,2381740,41389198
DZ,DZA,Algeria,2018,2381740,42228429
DZ,DZA,Algeria,2019,NA,43053054
DZ,DZA,Algeria,2020,NA,NA
EC,ECU,Ecuador,2015,248360,16212020
EC,ECU,Ecuador,2016,248360,16491115
EC,ECU,Ecuador,2017,248360,16785361
EC,ECU,Ecuador,2018,248360,17084357
EC,ECU,Ecuador,2019,NA,17373662
EC,ECU,Ecuador,2020,NA,NA
EG,EGY,"Egypt, Arab Rep.",2015,995450,92442547
EG,EGY,"Egypt, Arab Rep.",2016,995450,94447072
EG,EGY,"Egypt, Arab Rep.",2017,995450,96442593
EG,EGY,"Egypt, Arab Rep.",2018,995450,98423595
EG,EGY,"Egypt, Arab Rep.",2019,NA,100388073
EG,EGY,"Egypt, Arab Rep.",2020,NA,NA
ER,ERI,Eritrea,2015,101000,NA
ER,ERI,Eritrea,2016,101000,NA
ER,ERI,Eritrea,2017,101000,NA
ER,ERI,Eritrea,2018,101000,NA
ER,ERI,Eritrea,2019,NA,NA
ER,ERI,Eritrea,2020,NA,NA
ES,ESP,Spain,2015,499661.015625,46444832
ES,ESP,Spain,2016,499563.984375,46484062
ES,ESP,Spain,2017,499563.984375,46593236
ES,ESP,Spain,2018,499563.984375,46797754
ES,ESP,Spain,2019,NA,47076781
ES,ESP,Spain,2020,NA,NA
EE,EST,Estonia,2015,43470,1315407
EE,EST,Estonia,2016,43470,1315790
EE,EST,Estonia,2017,43470,1317384
EE,EST,Estonia,2018,43470,1321977
EE,EST,Estonia,2019,NA,1326590
EE,EST,Estonia,2020,NA,NA
ET,ETH,Ethiopia,2015,1000000,100835458
ET,ETH,Ethiopia,2016,1000000,103603501
ET,ETH,Ethiopia,2017,1000000,106400024
ET,ETH,Ethiopia,2018,1000000,109224559
ET,ETH,Ethiopia,2019,NA,112078730
ET,ETH,Ethiopia,2020,NA,NA
FI,FIN,Finland,2015,303910,5479531
FI,FIN,Finland,2016,303910,5495303
FI,FIN,Finland,2017,303910,5508214
FI,FIN,Finland,2018,303910,5515525
FI,FIN,Finland,2019,NA,5520314
FI,FIN,Finland,2020,NA,NA
FJ,FJI,Fiji,2015,18270,868627
FJ,FJI,Fiji,2016,18270,872399
FJ,FJI,Fiji,2017,18270,877459
FJ,FJI,Fiji,2018,18270,883483
FJ,FJI,Fiji,2019,NA,889953
FJ,FJI,Fiji,2020,NA,NA
FR,FRA,France,2015,547556.9921875,66548272
FR,FRA,France,2016,547556.9921875,66724104
FR,FRA,France,2017,547556.9921875,66864379
FR,FRA,France,2018,547556.9921875,66965912
FR,FRA,France,2019,NA,67059887
FR,FRA,France,2020,NA,NA
FO,FRO,Faroe Islands,2015,1396.00006103516,48051
FO,FRO,Faroe Islands,2016,1396.00006103516,48173
FO,FRO,Faroe Islands,2017,1396.00006103516,48331
FO,FRO,Faroe Islands,2018,1396.00006103516,48497
FO,FRO,Faroe Islands,2019,NA,48678
FO,FRO,Faroe Islands,2020,NA,NA
FM,FSM,"Micronesia, Fed. Sts.",2015,700,108895
FM,FSM,"Micronesia, Fed. Sts.",2016,700,110215
FM,FSM,"Micronesia, Fed. Sts.",2017,700,111459
FM,FSM,"Micronesia, Fed. Sts.",2018,700,112640
FM,FSM,"Micronesia, Fed. Sts.",2019,NA,113815
FM,FSM,"Micronesia, Fed. Sts.",2020,NA,NA
GA,GAB,Gabon,2015,257670,1947686
GA,GAB,Gabon,2016,257670,2007873
GA,GAB,Gabon,2017,257670,2064823
GA,GAB,Gabon,2018,257670,2119275
GA,GAB,Gabon,2019,NA,2172579
GA,GAB,Gabon,2020,NA,NA
GB,GBR,United Kingdom,2015,241930,65116219
GB,GBR,United Kingdom,2016,241930,65611593
GB,GBR,United Kingdom,2017,241930,66058859
GB,GBR,United Kingdom,2018,241930,66460344
GB,GBR,United Kingdom,2019,NA,66834405
GB,GBR,United Kingdom,2020,NA,NA
GE,GEO,Georgia,2015,69490,3725276
GE,GEO,Georgia,2016,69490,3727505
GE,GEO,Georgia,2017,69490,3728004
GE,GEO,Georgia,2018,69490,3726549
GE,GEO,Georgia,2019,NA,3720382
GE,GEO,Georgia,2020,NA,NA
GH,GHA,Ghana,2015,227540,27849205
GH,GHA,Ghana,2016,227540,28481946
GH,GHA,Ghana,2017,227540,29121471
GH,GHA,Ghana,2018,227540,29767108
GH,GHA,Ghana,2019,NA,30417856
GH,GHA,Ghana,2020,NA,NA
GI,GIB,Gibraltar,2015,10,33736
GI,GIB,Gibraltar,2016,10,33737
GI,GIB,Gibraltar,2017,10,33728
GI,GIB,Gibraltar,2018,10,33718
GI,GIB,Gibraltar,2019,NA,33701
GI,GIB,Gibraltar,2020,NA,NA
GN,GIN,Guinea,2015,245720,11432088
GN,GIN,Guinea,2016,245720,11738441
GN,GIN,Guinea,2017,245720,12067539
GN,GIN,Guinea,2018,245720,12414318
GN,GIN,Guinea,2019,NA,12771246
GN,GIN,Guinea,2020,NA,NA
GM,GMB,"Gambia, The",2015,10120,2085860
GM,GMB,"Gambia, The",2016,10120,2149139
GM,GMB,"Gambia, The",2017,10120,2213894
GM,GMB,"Gambia, The",2018,10120,2280102
GM,GMB,"Gambia, The",2019,NA,2347706
GM,GMB,"Gambia, The",2020,NA,NA
GW,GNB,Guinea-Bissau,2015,28120,1737202
GW,GNB,Guinea-Bissau,2016,28120,1782437
GW,GNB,Guinea-Bissau,2017,28120,1828146
GW,GNB,Guinea-Bissau,2018,28120,1874309
GW,GNB,Guinea-Bissau,2019,NA,1920922
GW,GNB,Guinea-Bissau,2020,NA,NA
GQ,GNQ,Equatorial Guinea,2015,28050,1168568
GQ,GNQ,Equatorial Guinea,2016,28050,1215179
GQ,GNQ,Equatorial Guinea,2017,28050,1262001
GQ,GNQ,Equatorial Guinea,2018,28050,1308974
GQ,GNQ,Equatorial Guinea,2019,NA,1355986
GQ,GNQ,Equatorial Guinea,2020,NA,NA
GR,GRC,Greece,2015,128900,10820883
GR,GRC,Greece,2016,128900,10775971
GR,GRC,Greece,2017,128900,10754679
GR,GRC,Greece,2018,128900,10732882
GR,GRC,Greece,2019,NA,10716322
GR,GRC,Greece,2020,NA,NA
GD,GRD,Grenada,2015,340,109599
GD,GRD,Grenada,2016,340,110261
GD,GRD,Grenada,2017,340,110874
GD,GRD,Grenada,2018,340,111454
GD,GRD,Grenada,2019,NA,112003
GD,GRD,Grenada,2020,NA,NA
GL,GRL,Greenland,2015,410450,56114
GL,GRL,Greenland,2016,410450,56186
GL,GRL,Greenland,2017,410450,56172
GL,GRL,Greenland,2018,410450,56023
GL,GRL,Greenland,2019,NA,56225
GL,GRL,Greenland,2020,NA,NA
GT,GTM,Guatemala,2015,107160,15567419
GT,GTM,Guatemala,2016,107160,15827690
GT,GTM,Guatemala,2017,107160,16087418
GT,GTM,Guatemala,2018,107160,16346950
GT,GTM,Guatemala,2019,NA,16604026
GT,GTM,Guatemala,2020,NA,NA
GU,GUM,Guam,2015,540,161853
GU,GUM,Guam,2016,540,162951
GU,GUM,Guam,2017,540,164281
GU,GUM,Guam,2018,540,165768
GU,GUM,Guam,2019,NA,167294
GU,GUM,Guam,2020,NA,NA
GY,GUY,Guyana,2015,196850,767432
GY,GUY,Guyana,2016,196850,771366
GY,GUY,Guyana,2017,196850,775221
GY,GUY,Guyana,2018,196850,779004
GY,GUY,Guyana,2019,NA,782766
GY,GUY,Guyana,2020,NA,NA
HK,HKG,"Hong Kong SAR, China",2015,1050,7291300
HK,HKG,"Hong Kong SAR, China",2016,1050,7336600
HK,HKG,"Hong Kong SAR, China",2017,1050,7391700
HK,HKG,"Hong Kong SAR, China",2018,1050,7451000
HK,HKG,"Hong Kong SAR, China",2019,NA,7507400
HK,HKG,"Hong Kong SAR, China",2020,NA,NA
HN,HND,Honduras,2015,111890,9112916
HN,HND,Honduras,2016,111890,9270795
HN,HND,Honduras,2017,111890,9429013
HN,HND,Honduras,2018,111890,9587522
HN,HND,Honduras,2019,NA,9746117
HN,HND,Honduras,2020,NA,NA
HR,HRV,Croatia,2015,55960,4203604
HR,HRV,Croatia,2016,55960,4174349
HR,HRV,Croatia,2017,55960,4124531
HR,HRV,Croatia,2018,55960,4087843
HR,HRV,Croatia,2019,NA,4067500
HR,HRV,Croatia,2020,NA,NA
HT,HTI,Haiti,2015,27560,10695542
HT,HTI,Haiti,2016,27560,10839970
HT,HTI,Haiti,2017,27560,10982366
HT,HTI,Haiti,2018,27560,11123176
HT,HTI,Haiti,2019,NA,11263077
HT,HTI,Haiti,2020,NA,NA
HU,HUN,Hungary,2015,90530,9843028
HU,HUN,Hungary,2016,90530,9814023
HU,HUN,Hungary,2017,90530,9787966
HU,HUN,Hungary,2018,90530,9775564
HU,HUN,Hungary,2019,NA,9769949
HU,HUN,Hungary,2020,NA,NA
ID,IDN,Indonesia,2015,1811570,258383256
ID,IDN,Indonesia,2016,1811570,261554226
ID,IDN,Indonesia,2017,1811570,264645886
ID,IDN,Indonesia,2018,1811570,267663435
ID,IDN,Indonesia,2019,NA,270625568
ID,IDN,Indonesia,2020,NA,NA
IM,IMN,Isle of Man,2015,570,83234
IM,IMN,Isle of Man,2016,570,83287
IM,IMN,Isle of Man,2017,570,83598
IM,IMN,Isle of Man,2018,570,84077
IM,IMN,Isle of Man,2019,NA,84584
IM,IMN,Isle of Man,2020,NA,NA
IN,IND,India,2015,2973190,1310152403
IN,IND,India,2016,2973190,1324509589
IN,IND,India,2017,2973190,1338658835
IN,IND,India,2018,2973190,1352617328
IN,IND,India,2019,NA,1366417754
IN,IND,India,2020,NA,NA
IE,IRL,Ireland,2015,68890,4701957
IE,IRL,Ireland,2016,68890,4755335
IE,IRL,Ireland,2017,68890,4807388
IE,IRL,Ireland,2018,68890,4867316
IE,IRL,Ireland,2019,NA,4941444
IE,IRL,Ireland,2020,NA,NA
IR,IRN,"Iran, Islamic Rep.",2015,1628760,78492215
IR,IRN,"Iran, Islamic Rep.",2016,1628760,79564016
IR,IRN,"Iran, Islamic Rep.",2017,1628760,80673951
IR,IRN,"Iran, Islamic Rep.",2018,1628760,81800269
IR,IRN,"Iran, Islamic Rep.",2019,NA,82913906
IR,IRN,"Iran, Islamic Rep.",2020,NA,NA
IQ,IRQ,Iraq,2015,434128.0078125,35572261
IQ,IRQ,Iraq,2016,434128.0078125,36610632
IQ,IRQ,Iraq,2017,434128.0078125,37552781
IQ,IRQ,Iraq,2018,434128.0078125,38433600
IQ,IRQ,Iraq,2019,NA,39309783
IQ,IRQ,Iraq,2020,NA,NA
IS,ISL,Iceland,2015,100250,330815
IS,ISL,Iceland,2016,100250,335439
IS,ISL,Iceland,2017,100250,343400
IS,ISL,Iceland,2018,100250,352721
IS,ISL,Iceland,2019,NA,361313
IS,ISL,Iceland,2020,NA,NA
IL,ISR,Israel,2015,21640,8380100
IL,ISR,Israel,2016,21640,8546000
IL,ISR,Israel,2017,21640,8713300
IL,ISR,Israel,2018,21640,8882800
IL,ISR,Israel,2019,NA,9053300
IL,ISR,Israel,2020,NA,NA
IT,ITA,Italy,2015,294140,60730582
IT,ITA,Italy,2016,294140,60627498
IT,ITA,Italy,2017,294140,60536709
IT,ITA,Italy,2018,294140,60421760
IT,ITA,Italy,2019,NA,60297396
IT,ITA,Italy,2020,NA,NA
JM,JAM,Jamaica,2015,10830,2891021
JM,JAM,Jamaica,2016,10830,2906238
JM,JAM,Jamaica,2017,10830,2920853
JM,JAM,Jamaica,2018,10830,2934855
JM,JAM,Jamaica,2019,NA,2948279
JM,JAM,Jamaica,2020,NA,NA
JO,JOR,Jordan,2015,88780,9266575
JO,JOR,Jordan,2016,88780,9551467
JO,JOR,Jordan,2017,88780,9779173
JO,JOR,Jordan,2018,88780,9956011
JO,JOR,Jordan,2019,NA,10101694
JO,JOR,Jordan,2020,NA,NA
JP,JPN,Japan,2015,364560,127141000
JP,JPN,Japan,2016,364560,126994511
JP,JPN,Japan,2017,364560,126785797
JP,JPN,Japan,2018,364560,126529100
JP,JPN,Japan,2019,NA,126264931
JP,JPN,Japan,2020,NA,NA
KZ,KAZ,Kazakhstan,2015,2699700,17542806
KZ,KAZ,Kazakhstan,2016,2699700,17794055
KZ,KAZ,Kazakhstan,2017,2699700,18037776
KZ,KAZ,Kazakhstan,2018,2699700,18276498.5
KZ,KAZ,Kazakhstan,2019,NA,18513930
KZ,KAZ,Kazakhstan,2020,NA,NA
KE,KEN,Kenya,2015,569140,47878336
KE,KEN,Kenya,2016,569140,49051686
KE,KEN,Kenya,2017,569140,50221473
KE,KEN,Kenya,2018,569140,51393010
KE,KEN,Kenya,2019,NA,52573973
KE,KEN,Kenya,2020,NA,NA
KG,KGZ,Kyrgyz Republic,2015,191800,5956900
KG,KGZ,Kyrgyz Republic,2016,191800,6079500
KG,KGZ,Kyrgyz Republic,2017,191800,6198200
KG,KGZ,Kyrgyz Republic,2018,191800,6322800
KG,KGZ,Kyrgyz Republic,2019,NA,6456900
KG,KGZ,Kyrgyz Republic,2020,NA,NA
KH,KHM,Cambodia,2015,176520,15521436
KH,KHM,Cambodia,2016,176520,15766293
KH,KHM,Cambodia,2017,176520,16009414
KH,KHM,Cambodia,2018,176520,16249798
KH,KHM,Cambodia,2019,NA,16486542
KH,KHM,Cambodia,2020,NA,NA
KI,KIR,Kiribati,2015,810,110930
KI,KIR,Kiribati,2016,810,112524
KI,KIR,Kiribati,2017,810,114158
KI,KIR,Kiribati,2018,810,115847
KI,KIR,Kiribati,2019,NA,117606
KI,KIR,Kiribati,2020,NA,NA
KN,KNA,St. Kitts and Nevis,2015,260,51203
KN,KNA,St. Kitts and Nevis,2016,260,51625
KN,KNA,St. Kitts and Nevis,2017,260,52045
KN,KNA,St. Kitts and Nevis,2018,260,52441
KN,KNA,St. Kitts and Nevis,2019,NA,52823
KN,KNA,St. Kitts and Nevis,2020,NA,NA
KR,KOR,"Korea, Rep.",2015,97445,51014947
KR,KOR,"Korea, Rep.",2016,97489.00390625,51217803
KR,KOR,"Korea, Rep.",2017,97489.00390625,51361911
KR,KOR,"Korea, Rep.",2018,97489.00390625,51606633
KR,KOR,"Korea, Rep.",2019,NA,51709098
KR,KOR,"Korea, Rep.",2020,NA,NA
KW,KWT,Kuwait,2015,17820,3835591
KW,KWT,Kuwait,2016,17820,3956875
KW,KWT,Kuwait,2017,17820,4056099
KW,KWT,Kuwait,2018,17820,4137312
KW,KWT,Kuwait,2019,NA,4207083
KW,KWT,Kuwait,2020,NA,NA
LA,LAO,Lao PDR,2015,230800,6741164
LA,LAO,Lao PDR,2016,230800,6845846
LA,LAO,Lao PDR,2017,230800,6953035
LA,LAO,Lao PDR,2018,230800,7061507
LA,LAO,Lao PDR,2019,NA,7169455
LA,LAO,Lao PDR,2020,NA,NA
LB,LBN,Lebanon,2015,10230,6532678
LB,LBN,Lebanon,2016,10230,6711121
LB,LBN,Lebanon,2017,10230,6811873
LB,LBN,Lebanon,2018,10230,6848925
LB,LBN,Lebanon,2019,NA,6855713
LB,LBN,Lebanon,2020,NA,NA
LR,LBR,Liberia,2015,96320,4472230
LR,LBR,Liberia,2016,96320,4586788
LR,LBR,Liberia,2017,96320,4702228
LR,LBR,Liberia,2018,96320,4818977
LR,LBR,Liberia,2019,NA,4937374
LR,LBR,Liberia,2020,NA,NA
LY,LBY,Libya,2015,1759540,6418315
LY,LBY,Libya,2016,1759540,6492164
LY,LBY,Libya,2017,1759540,6580724
LY,LBY,Libya,2018,1759540,6678567
LY,LBY,Libya,2019,NA,6777452
LY,LBY,Libya,2020,NA,NA
LC,LCA,St. Lucia,2015,610,179126
LC,LCA,St. Lucia,2016,610,180024
LC,LCA,St. Lucia,2017,610,180955
LC,LCA,St. Lucia,2018,610,181889
LC,LCA,St. Lucia,2019,NA,182790
LC,LCA,St. Lucia,2020,NA,NA
LI,LIE,Liechtenstein,2015,160,37470
LI,LIE,Liechtenstein,2016,160,37658
LI,LIE,Liechtenstein,2017,160,37800
LI,LIE,Liechtenstein,2018,160,37910
LI,LIE,Liechtenstein,2019,NA,38019
LI,LIE,Liechtenstein,2020,NA,NA
LK,LKA,Sri Lanka,2015,62710,20970000
LK,LKA,Sri Lanka,2016,62710,21203000
LK,LKA,Sri Lanka,2017,62710,21444000
LK,LKA,Sri Lanka,2018,62710,21670000
LK,LKA,Sri Lanka,2019,NA,21803000
LK,LKA,Sri Lanka,2020,NA,NA
LS,LSO,Lesotho,2015,30360,2059021
LS,LSO,Lesotho,2016,30360,2075001
LS,LSO,Lesotho,2017,30360,2091412
LS,LSO,Lesotho,2018,30360,2108132
LS,LSO,Lesotho,2019,NA,2125268
LS,LSO,Lesotho,2020,NA,NA
LT,LTU,Lithuania,2015,62650,2904910
LT,LTU,Lithuania,2016,62642.001953125,2868231
LT,LTU,Lithuania,2017,62642.001953125,2828403
LT,LTU,Lithuania,2018,62642.001953125,2801543
LT,LTU,Lithuania,2019,NA,2786844
LT,LTU,Lithuania,2020,NA,NA
LU,LUX,Luxembourg,2015,2430,569604
LU,LUX,Luxembourg,2016,2430,582014
LU,LUX,Luxembourg,2017,2430,596336
LU,LUX,Luxembourg,2018,2430,607950
LU,LUX,Luxembourg,2019,NA,619896
LU,LUX,Luxembourg,2020,NA,NA
LV,LVA,Latvia,2015,62180,1977527
LV,LVA,Latvia,2016,62180,1959537
LV,LVA,Latvia,2017,62180,1942248
LV,LVA,Latvia,2018,62180,1927174
LV,LVA,Latvia,2019,NA,1912789
LV,LVA,Latvia,2020,NA,NA
MO,MAC,"Macao SAR, China",2015,30.3999996185303,602085
MO,MAC,"Macao SAR, China",2016,30.3999996185303,612836
MO,MAC,"Macao SAR, China",2017,30.3999996185303,622585
MO,MAC,"Macao SAR, China",2018,30.3999996185303,631636
MO,MAC,"Macao SAR, China",2019,NA,640445
MO,MAC,"Macao SAR, China",2020,NA,NA
MF,MAF,St. Martin (French part),2015,54.4,35858
MF,MAF,St. Martin (French part),2016,54.4,36065
MF,MAF,St. Martin (French part),2017,54.4,36560
MF,MAF,St. Martin (French part),2018,NA,37264
MF,MAF,St. Martin (French part),2019,NA,38002
MF,MAF,St. Martin (French part),2020,NA,NA
MA,MAR,Morocco,2015,446300,34663603
MA,MAR,Morocco,2016,446300,35126296
MA,MAR,Morocco,2017,446300,35581294
MA,MAR,Morocco,2018,446300,36029138
MA,MAR,Morocco,2019,NA,36471769
MA,MAR,Morocco,2020,NA,NA
MC,MCO,Monaco,2015,2,37718
MC,MCO,Monaco,2016,2,38070
MC,MCO,Monaco,2017,2,38392
MC,MCO,Monaco,2018,NA,38682
MC,MCO,Monaco,2019,NA,38964
MC,MCO,Monaco,2020,NA,NA
MD,MDA,Moldova,2015,32880,2834530
MD,MDA,Moldova,2016,32890,2802170
MD,MDA,Moldova,2017,32890,2755158
MD,MDA,Moldova,2018,32890,2706049
MD,MDA,Moldova,2019,NA,2657637
MD,MDA,Moldova,2020,NA,NA
MG,MDG,Madagascar,2015,581800,24234088
MG,MDG,Madagascar,2016,581800,24894380
MG,MDG,Madagascar,2017,581800,25570540
MG,MDG,Madagascar,2018,581800,26262368
MG,MDG,Madagascar,2019,NA,26969307
MG,MDG,Madagascar,2020,NA,NA
MV,MDV,Maldives,2015,300,454915
MV,MDV,Maldives,2016,300,475513
MV,MDV,Maldives,2017,300,496402
MV,MDV,Maldives,2018,300,515696
MV,MDV,Maldives,2019,NA,530953
MV,MDV,Maldives,2020,NA,NA
MX,MEX,Mexico,2015,1943950,121858258
MX,MEX,Mexico,2016,1943950,123333376
MX,MEX,Mexico,2017,1943950,124777324
MX,MEX,Mexico,2018,1943950,126190788
MX,MEX,Mexico,2019,NA,127575529
MX,MEX,Mexico,2020,NA,NA
MH,MHL,Marshall Islands,2015,180,57439
MH,MHL,Marshall Islands,2016,180,57735
MH,MHL,Marshall Islands,2017,180,58058
MH,MHL,Marshall Islands,2018,180,58413
MH,MHL,Marshall Islands,2019,NA,58791
MH,MHL,Marshall Islands,2020,NA,NA
MK,MKD,North Macedonia,2015,25220,2079328
MK,MKD,North Macedonia,2016,25220,2080745
MK,MKD,North Macedonia,2017,25220,2081996
MK,MKD,North Macedonia,2018,25220,2082958
MK,MKD,North Macedonia,2019,NA,2083459
MK,MKD,North Macedonia,2020,NA,NA
ML,MLI,Mali,2015,1220190,17438778
ML,MLI,Mali,2016,1220190,17965429
ML,MLI,Mali,2017,1220190,18512394
ML,MLI,Mali,2018,1220190,19077690
ML,MLI,Mali,2019,NA,19658031
ML,MLI,Mali,2020,NA,NA
MT,MLT,Malta,2015,320,445053
MT,MLT,Malta,2016,320,455356
MT,MLT,Malta,2017,320,467999
MT,MLT,Malta,2018,320,484630
MT,MLT,Malta,2019,NA,502653
MT,MLT,Malta,2020,NA,NA
MM,MMR,Myanmar,2015,653080,52680726
MM,MMR,Myanmar,2016,653080,53045226
MM,MMR,Myanmar,2017,653080,53382581
MM,MMR,Myanmar,2018,653080,53708395
MM,MMR,Myanmar,2019,NA,54045420
MM,MMR,Myanmar,2020,NA,NA
ME,MNE,Montenegro,2015,13450,622159
ME,MNE,Montenegro,2016,13450,622303
ME,MNE,Montenegro,2017,13450,622373
ME,MNE,Montenegro,2018,13450,622227
ME,MNE,Montenegro,2019,NA,622137
ME,MNE,Montenegro,2020,NA,NA
MN,MNG,Mongolia,2015,1553560,2998439
MN,MNG,Mongolia,2016,1553560,3056359
MN,MNG,Mongolia,2017,1553560,3113779
MN,MNG,Mongolia,2018,1553560,3170208
MN,MNG,Mongolia,2019,NA,3225167
MN,MNG,Mongolia,2020,NA,NA
MP,MNP,Northern Mariana Islands,2015,460,55780
MP,MNP,Northern Mariana Islands,2016,460,56188
MP,MNP,Northern Mariana Islands,2017,460,56562
MP,MNP,Northern Mariana Islands,2018,460,56882
MP,MNP,Northern Mariana Islands,2019,NA,57216
MP,MNP,Northern Mariana Islands,2020,NA,NA
MZ,MOZ,Mozambique,2015,786380,27042002
MZ,MOZ,Mozambique,2016,786380,27829942
MZ,MOZ,Mozambique,2017,786380,28649007
MZ,MOZ,Mozambique,2018,786380,29495962
MZ,MOZ,Mozambique,2019,NA,30366036
MZ,MOZ,Mozambique,2020,NA,NA
MR,MRT,Mauritania,2015,1030700,4046301
MR,MRT,Mauritania,2016,1030700,4163534
MR,MRT,Mauritania,2017,1030700,4282574
MR,MRT,Mauritania,2018,1030700,4403319
MR,MRT,Mauritania,2019,NA,4525696
MR,MRT,Mauritania,2020,NA,NA
MU,MUS,Mauritius,2015,2030,1262605
MU,MUS,Mauritius,2016,2030,1263473
MU,MUS,Mauritius,2017,2030,1264613
MU,MUS,Mauritius,2018,2030,1265303
MU,MUS,Mauritius,2019,NA,1265711
MU,MUS,Mauritius,2020,NA,NA
MW,MWI,Malawi,2015,94280,16745303
MW,MWI,Malawi,2016,94280,17205289
MW,MWI,Malawi,2017,94280,17670260
MW,MWI,Malawi,2018,94280,18143315
MW,MWI,Malawi,2019,NA,18628747
MW,MWI,Malawi,2020,NA,NA
MY,MYS,Malaysia,2015,328550,30270962
MY,MYS,Malaysia,2016,328550,30684804
MY,MYS,Malaysia,2017,328550,31105028
MY,MYS,Malaysia,2018,328550,31528585
MY,MYS,Malaysia,2019,NA,31949777
MY,MYS,Malaysia,2020,NA,NA
NA,NAM,Namibia,2015,823290,2314904
NA,NAM,Namibia,2016,823290,2358041
NA,NAM,Namibia,2017,823290,2402603
NA,NAM,Namibia,2018,823290,2448255
NA,NAM,Namibia,2019,NA,2494530
NA,NAM,Namibia,2020,NA,NA
NC,NCL,New Caledonia,2015,18280,272400
NC,NCL,New Caledonia,2016,18280,276550
NC,NCL,New Caledonia,2017,18280,280350
NC,NCL,New Caledonia,2018,18280,284060
NC,NCL,New Caledonia,2019,NA,287800
NC,NCL,New Caledonia,2020,NA,NA
NE,NER,Niger,2015,1266700,20001663
NE,NER,Niger,2016,1266700,20788838
NE,NER,Niger,2017,1266700,21602472
NE,NER,Niger,2018,1266700,22442948
NE,NER,Niger,2019,NA,23310715
NE,NER,Niger,2020,NA,NA
NG,NGA,Nigeria,2015,910770,181137448
NG,NGA,Nigeria,2016,910770,185960289
NG,NGA,Nigeria,2017,910770,190873311
NG,NGA,Nigeria,2018,910770,195874740
NG,NGA,Nigeria,2019,NA,200963599
NG,NGA,Nigeria,2020,NA,NA
NI,NIC,Nicaragua,2015,120340,6223240
NI,NIC,Nicaragua,2016,120340,6303974
NI,NIC,Nicaragua,2017,120340,6384855
NI,NIC,Nicaragua,2018,120340,6465513
NI,NIC,Nicaragua,2019,NA,6545502
NI,NIC,Nicaragua,2020,NA,NA
NL,NLD,Netherlands,2015,33690,16939923
NL,NLD,Netherlands,2016,33690,17030314
NL,NLD,Netherlands,2017,33690,17131296
NL,NLD,Netherlands,2018,33690,17231624
NL,NLD,Netherlands,2019,NA,17332850
NL,NLD,Netherlands,2020,NA,NA
NO,NOR,Norway,2015,365123.0078125,5188607
NO,NOR,Norway,2016,365123.0078125,5234519
NO,NOR,Norway,2017,365123.0078125,5276968
NO,NOR,Norway,2018,365123.0078125,5311916
NO,NOR,Norway,2019,NA,5347896
NO,NOR,Norway,2020,NA,NA
NP,NPL,Nepal,2015,143350,27015031
NP,NPL,Nepal,2016,143350,27261131
NP,NPL,Nepal,2017,143350,27627124
NP,NPL,Nepal,2018,143350,28087871
NP,NPL,Nepal,2019,NA,28608710
NP,NPL,Nepal,2020,NA,NA
NR,NRU,Nauru,2015,20,12475
NR,NRU,Nauru,2016,20,13049
NR,NRU,Nauru,2017,20,12876
NR,NRU,Nauru,2018,20,12704
NR,NRU,Nauru,2019,NA,12581
NR,NRU,Nauru,2020,NA,NA
NZ,NZL,New Zealand,2015,263310,4595700
NZ,NZL,New Zealand,2016,263310,4693200
NZ,NZL,New Zealand,2017,263310,4793900
NZ,NZL,New Zealand,2018,263310,4841000
NZ,NZL,New Zealand,2019,NA,4917000
NZ,NZL,New Zealand,2020,NA,NA
OM,OMN,Oman,2015,309500,4267348
OM,OMN,Oman,2016,309500,4479219
OM,OMN,Oman,2017,309500,4665935
OM,OMN,Oman,2018,309500,4829483
OM,OMN,Oman,2019,NA,4974986
OM,OMN,Oman,2020,NA,NA
PK,PAK,Pakistan,2015,770880,199426964
PK,PAK,Pakistan,2016,770880,203627284
PK,PAK,Pakistan,2017,770880,207896686
PK,PAK,Pakistan,2018,770880,212215030
PK,PAK,Pakistan,2019,NA,216565318
PK,PAK,Pakistan,2020,NA,NA
PA,PAN,Panama,2015,74340,3968487
PA,PAN,Panama,2016,74340,4037078
PA,PAN,Panama,2017,74340,4106771
PA,PAN,Panama,2018,74340,4176873
PA,PAN,Panama,2019,NA,4246439
PA,PAN,Panama,2020,NA,NA
PE,PER,Peru,2015,1280000,30470734
PE,PER,Peru,2016,1280000,30926032
PE,PER,Peru,2017,1280000,31444297
PE,PER,Peru,2018,1280000,31989256
PE,PER,Peru,2019,NA,32510453
PE,PER,Peru,2020,NA,NA
PH,PHL,Philippines,2015,298170,102113212
PH,PHL,Philippines,2016,298170,103663927
PH,PHL,Philippines,2017,298170,105173264
PH,PHL,Philippines,2018,298170,106651922
PH,PHL,Philippines,2019,NA,108116615
PH,PHL,Philippines,2020,NA,NA
PW,PLW,Palau,2015,460,17665
PW,PLW,Palau,2016,460,17725
PW,PLW,Palau,2017,460,17808
PW,PLW,Palau,2018,460,17907
PW,PLW,Palau,2019,NA,18008
PW,PLW,Palau,2020,NA,NA
PG,PNG,Papua New Guinea,2015,452860,8107775
PG,PNG,Papua New Guinea,2016,452860,8271760
PG,PNG,Papua New Guinea,2017,452860,8438029
PG,PNG,Papua New Guinea,2018,452860,8606316
PG,PNG,Papua New Guinea,2019,NA,8776109
PG,PNG,Papua New Guinea,2020,NA,NA
PL,POL,Poland,2015,306190,37986412
PL,POL,Poland,2016,306190,37970087
PL,POL,Poland,2017,306190,37974826
PL,POL,Poland,2018,306190,37974750
PL,POL,Poland,2019,NA,37970874
PL,POL,Poland,2020,NA,NA
PR,PRI,Puerto Rico,2015,8870,3473232
PR,PRI,Puerto Rico,2016,8870,3406672
PR,PRI,Puerto Rico,2017,8870,3325286
PR,PRI,Puerto Rico,2018,8870,3193354
PR,PRI,Puerto Rico,2019,NA,3193694
PR,PRI,Puerto Rico,2020,NA,NA
KP,PRK,"Korea, Dem. People’s Rep.",2015,120410,25183833
KP,PRK,"Korea, Dem. People’s Rep.",2016,120410,25307744
KP,PRK,"Korea, Dem. People’s Rep.",2017,120410,25429985
KP,PRK,"Korea, Dem. People’s Rep.",2018,120410,25549819
KP,PRK,"Korea, Dem. People’s Rep.",2019,NA,25666161
KP,PRK,"Korea, Dem. People’s Rep.",2020,NA,NA
PT,PRT,Portugal,2015,91605.595703125,10358076
PT,PRT,Portugal,2016,91605.595703125,10325452
PT,PRT,Portugal,2017,91605.595703125,10300300
PT,PRT,Portugal,2018,91605.595703125,10283822
PT,PRT,Portugal,2019,NA,10269417
PT,PRT,Portugal,2020,NA,NA
PY,PRY,Paraguay,2015,397300,6688746
PY,PRY,Paraguay,2016,397300,6777872
PY,PRY,Paraguay,2017,397300,6867062
PY,PRY,Paraguay,2018,397300,6956071
PY,PRY,Paraguay,2019,NA,7044636
PY,PRY,Paraguay,2020,NA,NA
PS,PSE,West Bank and Gaza,2015,6020,4270092
PS,PSE,West Bank and Gaza,2016,6020,4367088
PS,PSE,West Bank and Gaza,2017,6020,4454805
PS,PSE,West Bank and Gaza,2018,6020,4569087
PS,PSE,West Bank and Gaza,2019,NA,4685306
PS,PSE,West Bank and Gaza,2020,NA,NA
PF,PYF,French Polynesia,2015,3660,273124
PF,PYF,French Polynesia,2016,3660,274575
PF,PYF,French Polynesia,2017,3660,276103
PF,PYF,French Polynesia,2018,3660,277679
PF,PYF,French Polynesia,2019,NA,279287
PF,PYF,French Polynesia,2020,NA,NA
QA,QAT,Qatar,2015,11610,2565710
QA,QAT,Qatar,2016,11610,2654374
QA,QAT,Qatar,2017,11610,2724724
QA,QAT,Qatar,2018,11610,2781677
QA,QAT,Qatar,2019,NA,2832067
QA,QAT,Qatar,2020,NA,NA
RO,ROU,Romania,2015,230080,19815616
RO,ROU,Romania,2016,230080,19702267
RO,ROU,Romania,2017,230080,19587290
RO,ROU,Romania,2018,230080,19472545
RO,ROU,Romania,2019,NA,19356544
RO,ROU,Romania,2020,NA,NA
RU,RUS,Russian Federation,2015,16376870,144096870
RU,RUS,Russian Federation,2016,16376870,144342396
RU,RUS,Russian Federation,2017,16376870,144496740
RU,RUS,Russian Federation,2018,16376870,144477860
RU,RUS,Russian Federation,2019,NA,144373535
RU,RUS,Russian Federation,2020,NA,NA
RW,RWA,Rwanda,2015,24670,11369071
RW,RWA,Rwanda,2016,24670,11668818
RW,RWA,Rwanda,2017,24670,11980937
RW,RWA,Rwanda,2018,24670,12301939
RW,RWA,Rwanda,2019,NA,12626950
RW,RWA,Rwanda,2020,NA,NA
SA,SAU,Saudi Arabia,2015,2149690,31717667
SA,SAU,Saudi Arabia,2016,2149690,32442572
SA,SAU,Saudi Arabia,2017,2149690,33099147
SA,SAU,Saudi Arabia,2018,2149690,33699947
SA,SAU,Saudi Arabia,2019,NA,34268528
SA,SAU,Saudi Arabia,2020,NA,NA
SD,SDN,Sudan,2015,NA,38902950
SD,SDN,Sudan,2016,NA,39847440
SD,SDN,Sudan,2017,NA,40813396
SD,SDN,Sudan,2018,NA,41801533
SD,SDN,Sudan,2019,NA,42813238
SD,SDN,Sudan,2020,NA,NA
SN,SEN,Senegal,2015,192530,14578459
SN,SEN,Senegal,2016,192530,14993528
SN,SEN,Senegal,2017,192530,15419381
SN,SEN,Senegal,2018,192530,15854360
SN,SEN,Senegal,2019,NA,16296364
SN,SEN,Senegal,2020,NA,NA
SG,SGP,Singapore,2015,709.000015258789,5535002
SG,SGP,Singapore,2016,709.000015258789,5607283
SG,SGP,Singapore,2017,709.000015258789,5612253
SG,SGP,Singapore,2018,709.000015258789,5638676
SG,SGP,Singapore,2019,NA,5703569
SG,SGP,Singapore,2020,NA,NA
SB,SLB,Solomon Islands,2015,27990,603118
SB,SLB,Solomon Islands,2016,27990,619437
SB,SLB,Solomon Islands,2017,27990,636038
SB,SLB,Solomon Islands,2018,27990,652858
SB,SLB,Solomon Islands,2019,NA,669823
SB,SLB,Solomon Islands,2020,NA,NA
SL,SLE,Sierra Leone,2015,72180,7171914
SL,SLE,Sierra Leone,2016,72180,7328838
SL,SLE,Sierra Leone,2017,72180,7488431
SL,SLE,Sierra Leone,2018,72180,7650154
SL,SLE,Sierra Leone,2019,NA,7813215
SL,SLE,Sierra Leone,2020,NA,NA
SV,SLV,El Salvador,2015,20720,6325124
SV,SLV,El Salvador,2016,20720,6356143
SV,SLV,El Salvador,2017,20720,6388122
SV,SLV,El Salvador,2018,20720,6420744
SV,SLV,El Salvador,2019,NA,6453553
SV,SLV,El Salvador,2020,NA,NA
SM,SMR,San Marino,2015,60,33272
SM,SMR,San Marino,2016,60,33504
SM,SMR,San Marino,2017,60,33671
SM,SMR,San Marino,2018,60,33785
SM,SMR,San Marino,2019,NA,33860
SM,SMR,San Marino,2020,NA,NA
SO,SOM,Somalia,2015,627340,13797201
SO,SOM,Somalia,2016,627340,14185613
SO,SOM,Somalia,2017,627340,14589119
SO,SOM,Somalia,2018,627340,15008154
SO,SOM,Somalia,2019,NA,15442905
SO,SOM,Somalia,2020,NA,NA
RS,SRB,Serbia,2015,87460,7095383
RS,SRB,Serbia,2016,87460,7058322
RS,SRB,Serbia,2017,87460,7020858
RS,SRB,Serbia,2018,87460,6982604
RS,SRB,Serbia,2019,NA,6944975
RS,SRB,Serbia,2020,NA,NA
SS,SSD,South Sudan,2015,NA,10715658
SS,SSD,South Sudan,2016,NA,10832512
SS,SSD,South Sudan,2017,NA,10910759
SS,SSD,South Sudan,2018,NA,10975920
SS,SSD,South Sudan,2019,NA,11062113
SS,SSD,South Sudan,2020,NA,NA
ST,STP,Sao Tome and Principe,2015,960,199432
ST,STP,Sao Tome and Principe,2016,960,203227
ST,STP,Sao Tome and Principe,2017,960,207089
ST,STP,Sao Tome and Principe,2018,960,211028
ST,STP,Sao Tome and Principe,2019,NA,215056
ST,STP,Sao Tome and Principe,2020,NA,NA
SR,SUR,Suriname,2015,156000,559143
SR,SUR,Suriname,2016,156000,564888
SR,SUR,Suriname,2017,156000,570496
SR,SUR,Suriname,2018,156000,575991
SR,SUR,Suriname,2019,NA,581372
SR,SUR,Suriname,2020,NA,NA
SK,SVK,Slovak Republic,2015,48082.001953125,5423801
SK,SVK,Slovak Republic,2016,48080,5430798
SK,SVK,Slovak Republic,2017,48080,5439232
SK,SVK,Slovak Republic,2018,48080,5446771
SK,SVK,Slovak Republic,2019,NA,5454073
SK,SVK,Slovak Republic,2020,NA,NA
SI,SVN,Slovenia,2015,20142.6000976563,2063531
SI,SVN,Slovenia,2016,20141.9995117188,2065042
SI,SVN,Slovenia,2017,20141.9995117188,2066388
SI,SVN,Slovenia,2018,20141.9995117188,2073894
SI,SVN,Slovenia,2019,NA,2087946
SI,SVN,Slovenia,2020,NA,NA
SE,SWE,Sweden,2015,407310,9799186
SE,SWE,Sweden,2016,407310,9923085
SE,SWE,Sweden,2017,407310,10057698
SE,SWE,Sweden,2018,407310,10175214
SE,SWE,Sweden,2019,NA,10285453
SE,SWE,Sweden,2020,NA,NA
SZ,SWZ,Eswatini,2015,17200,1104044
SZ,SWZ,Eswatini,2016,17200,1113984
SZ,SWZ,Eswatini,2017,17200,1124753
SZ,SWZ,Eswatini,2018,17200,1136191
SZ,SWZ,Eswatini,2019,NA,1148130
SZ,SWZ,Eswatini,2020,NA,NA
SX,SXM,Sint Maarten (Dutch part),2015,34,38825
SX,SXM,Sint Maarten (Dutch part),2016,34,39969
SX,SXM,Sint Maarten (Dutch part),2017,34,40574
SX,SXM,Sint Maarten (Dutch part),2018,NA,40654
SX,SXM,Sint Maarten (Dutch part),2019,NA,40733
SX,SXM,Sint Maarten (Dutch part),2020,NA,NA
SC,SYC,Seychelles,2015,460,93419
SC,SYC,Seychelles,2016,460,94677
SC,SYC,Seychelles,2017,460,95843
SC,SYC,Seychelles,2018,460,96762
SC,SYC,Seychelles,2019,NA,97625
SC,SYC,Seychelles,2020,NA,NA
SY,SYR,Syrian Arab Republic,2015,183630,17997408
SY,SYR,Syrian Arab Republic,2016,183630,17453933
SY,SYR,Syrian Arab Republic,2017,183630,17068002
SY,SYR,Syrian Arab Republic,2018,183630,16906283
SY,SYR,Syrian Arab Republic,2019,NA,17070135
SY,SYR,Syrian Arab Republic,2020,NA,NA
TC,TCA,Turks and Caicos Islands,2015,950,35981
TC,TCA,Turks and Caicos Islands,2016,950,36559
TC,TCA,Turks and Caicos Islands,2017,950,37115
TC,TCA,Turks and Caicos Islands,2018,950,37665
TC,TCA,Turks and Caicos Islands,2019,NA,38191
TC,TCA,Turks and Caicos Islands,2020,NA,NA
TD,TCD,Chad,2015,1259200,14110975
TD,TCD,Chad,2016,1259200,14561666
TD,TCD,Chad,2017,1259200,15016773
TD,TCD,Chad,2018,1259200,15477751
TD,TCD,Chad,2019,NA,15946876
TD,TCD,Chad,2020,NA,NA
TG,TGO,Togo,2015,54390,7323158
TG,TGO,Togo,2016,54390,7509952
TG,TGO,Togo,2017,54390,7698475
TG,TGO,Togo,2018,54390,7889094
TG,TGO,Togo,2019,NA,8082366
TG,TGO,Togo,2020,NA,NA
TH,THA,Thailand,2015,510890,68714511
TH,THA,Thailand,2016,510890,68971331
TH,THA,Thailand,2017,510890,69209858
TH,THA,Thailand,2018,510890,69428524
TH,THA,Thailand,2019,NA,69625582
TH,THA,Thailand,2020,NA,NA
TJ,TJK,Tajikistan,2015,138790,8454028
TJ,TJK,Tajikistan,2016,138790,8663579
TJ,TJK,Tajikistan,2017,138790,8880268
TJ,TJK,Tajikistan,2018,138790,9100837
TJ,TJK,Tajikistan,2019,NA,9321018
TJ,TJK,Tajikistan,2020,NA,NA
TM,TKM,Turkmenistan,2015,469930,5565287
TM,TKM,Turkmenistan,2016,469930,5662372
TM,TKM,Turkmenistan,2017,469930,5757669
TM,TKM,Turkmenistan,2018,469930,5850908
TM,TKM,Turkmenistan,2019,NA,5942089
TM,TKM,Turkmenistan,2020,NA,NA
TL,TLS,Timor-Leste,2015,14870,1196302
TL,TLS,Timor-Leste,2016,14870,1219288
TL,TLS,Timor-Leste,2017,14870,1243261
TL,TLS,Timor-Leste,2018,14870,1267972
TL,TLS,Timor-Leste,2019,NA,1293119
TL,TLS,Timor-Leste,2020,NA,NA
TO,TON,Tonga,2015,720,100781
TO,TON,Tonga,2016,720,101133
TO,TON,Tonga,2017,720,101998
TO,TON,Tonga,2018,720,103197
TO,TON,Tonga,2019,NA,104494
TO,TON,Tonga,2020,NA,NA
TT,TTO,Trinidad and Tobago,2015,5130,1370328
TT,TTO,Trinidad and Tobago,2016,5130,1377564
TT,TTO,Trinidad and Tobago,2017,5130,1384072
TT,TTO,Trinidad and Tobago,2018,5130,1389858
TT,TTO,Trinidad and Tobago,2019,NA,1394973
TT,TTO,Trinidad and Tobago,2020,NA,NA
TN,TUN,Tunisia,2015,155360,11179949
TN,TUN,Tunisia,2016,155360,11303946
TN,TUN,Tunisia,2017,155360,11433443
TN,TUN,Tunisia,2018,155360,11565204
TN,TUN,Tunisia,2019,NA,11694719
TN,TUN,Tunisia,2020,NA,NA
TR,TUR,Turkey,2015,769630,78529409
TR,TUR,Turkey,2016,769630,79821724
TR,TUR,Turkey,2017,769630,81101892
TR,TUR,Turkey,2018,769630,82319724
TR,TUR,Turkey,2019,NA,83429615
TR,TUR,Turkey,2020,NA,NA
TV,TUV,Tuvalu,2015,30,11099
TV,TUV,Tuvalu,2016,30,11225
TV,TUV,Tuvalu,2017,30,11370
TV,TUV,Tuvalu,2018,30,11508
TV,TUV,Tuvalu,2019,NA,11646
TV,TUV,Tuvalu,2020,NA,NA
TZ,TZA,Tanzania,2015,885800,51482633
TZ,TZA,Tanzania,2016,885800,53050790
TZ,TZA,Tanzania,2017,885800,54663906
TZ,TZA,Tanzania,2018,885800,56318348
TZ,TZA,Tanzania,2019,NA,58005463
TZ,TZA,Tanzania,2020,NA,NA
UG,UGA,Uganda,2015,200520,38225453
UG,UGA,Uganda,2016,200520,39647506
UG,UGA,Uganda,2017,200520,41162465
UG,UGA,Uganda,2018,200520,42723139
UG,UGA,Uganda,2019,NA,44269594
UG,UGA,Uganda,2020,NA,NA
UA,UKR,Ukraine,2015,579290,45154036
UA,UKR,Ukraine,2016,579290,45004674
UA,UKR,Ukraine,2017,579290,44831135
UA,UKR,Ukraine,2018,579290,44622518
UA,UKR,Ukraine,2019,NA,44385155
UA,UKR,Ukraine,2020,NA,NA
UY,URY,Uruguay,2015,175020,3412009
UY,URY,Uruguay,2016,175020,3424132
UY,URY,Uruguay,2017,175020,3436646
UY,URY,Uruguay,2018,175020,3449299
UY,URY,Uruguay,2019,NA,3461734
UY,URY,Uruguay,2020,NA,NA
US,USA,United States,2015,9147420,320635163
US,USA,United States,2016,9147420,322941311
US,USA,United States,2017,9147420,324985539
US,USA,United States,2018,9147420,326687501
US,USA,United States,2019,NA,328239523
US,USA,United States,2020,NA,NA
UZ,UZB,Uzbekistan,2015,425400,31298900
UZ,UZB,Uzbekistan,2016,425400,31847900
UZ,UZB,Uzbekistan,2017,425400,32388600
UZ,UZB,Uzbekistan,2018,425400,32956100
UZ,UZB,Uzbekistan,2019,NA,33580650
UZ,UZB,Uzbekistan,2020,NA,NA
VC,VCT,St. Vincent and the Grenadines,2015,390,109148
VC,VCT,St. Vincent and the Grenadines,2016,390,109459
VC,VCT,St. Vincent and the Grenadines,2017,390,109827
VC,VCT,St. Vincent and the Grenadines,2018,390,110210
VC,VCT,St. Vincent and the Grenadines,2019,NA,110589
VC,VCT,St. Vincent and the Grenadines,2020,NA,NA
VE,VEN,"Venezuela, RB",2015,882050,30081829
VE,VEN,"Venezuela, RB",2016,882050,29846179
VE,VEN,"Venezuela, RB",2017,882050,29390409
VE,VEN,"Venezuela, RB",2018,882050,28870195
VE,VEN,"Venezuela, RB",2019,NA,28515829
VE,VEN,"Venezuela, RB",2020,NA,NA
VG,VGB,British Virgin Islands,2015,150,29152
VG,VGB,British Virgin Islands,2016,150,29355
VG,VGB,British Virgin Islands,2017,150,29577
VG,VGB,British Virgin Islands,2018,150,29802
VG,VGB,British Virgin Islands,2019,NA,30030
VG,VGB,British Virgin Islands,2020,NA,NA
VI,VIR,Virgin Islands (U.S.),2015,350,107710
VI,VIR,Virgin Islands (U.S.),2016,350,107510
VI,VIR,Virgin Islands (U.S.),2017,350,107268
VI,VIR,Virgin Islands (U.S.),2018,350,106977
VI,VIR,Virgin Islands (U.S.),2019,NA,106631
VI,VIR,Virgin Islands (U.S.),2020,NA,NA
VN,VNM,Vietnam,2015,310070,92677076
VN,VNM,Vietnam,2016,310070,93638724
VN,VNM,Vietnam,2017,310070,94596642
VN,VNM,Vietnam,2018,310070,95540395
VN,VNM,Vietnam,2019,NA,96462106
VN,VNM,Vietnam,2020,NA,NA
VU,VUT,Vanuatu,2015,12190,271130
VU,VUT,Vanuatu,2016,12190,278330
VU,VUT,Vanuatu,2017,12190,285510
VU,VUT,Vanuatu,2018,12190,292680
VU,VUT,Vanuatu,2019,NA,299882
VU,VUT,Vanuatu,2020,NA,NA
WS,WSM,Samoa,2015,2830,193513
WS,WSM,Samoa,2016,2830,194535
WS,WSM,Samoa,2017,2830,195352
WS,WSM,Samoa,2018,2830,196130
WS,WSM,Samoa,2019,NA,197097
WS,WSM,Samoa,2020,NA,NA
XK,XKX,Kosovo,2015,10887,1788196
XK,XKX,Kosovo,2016,10887,1777557
XK,XKX,Kosovo,2017,10887,1791003
XK,XKX,Kosovo,2018,NA,1797085
XK,XKX,Kosovo,2019,NA,1794248
XK,XKX,Kosovo,2020,NA,NA
YE,YEM,"Yemen, Rep.",2015,527970,26497889
YE,YEM,"Yemen, Rep.",2016,527970,27168210
YE,YEM,"Yemen, Rep.",2017,527970,27834821
YE,YEM,"Yemen, Rep.",2018,527970,28498687
YE,YEM,"Yemen, Rep.",2019,NA,29161922
YE,YEM,"Yemen, Rep.",2020,NA,NA
ZA,ZAF,South Africa,2015,1213090,55386367
ZA,ZAF,South Africa,2016,1213090,56203654
ZA,ZAF,South Africa,2017,1213090,57000451
ZA,ZAF,South Africa,2018,1213090,57779622
ZA,ZAF,South Africa,2019,NA,58558270
ZA,ZAF,South Africa,2020,NA,NA
ZM,ZMB,Zambia,2015,743390,15879361
ZM,ZMB,Zambia,2016,743390,16363507
ZM,ZMB,Zambia,2017,743390,16853688
ZM,ZMB,Zambia,2018,743390,17351822
ZM,ZMB,Zambia,2019,NA,17861030
ZM,ZMB,Zambia,2020,NA,NA
ZW,ZWE,Zimbabwe,2015,386850,13814629
ZW,ZWE,Zimbabwe,2016,386850,14030390
ZW,ZWE,Zimbabwe,2017,386850,14236745
ZW,ZWE,Zimbabwe,2018,386850,14439018
ZW,ZWE,Zimbabwe,2019,NA,14645468
ZW,ZWE,Zimbabwe,2020,NA,NA
